chest_c,waist_c,gender,size,size_value,height,weight
107.4,93.3,Male,XL,4,180.34,81.65
102.1,87.0,Male,XL,4,172.72,72.57
112.0,96.4,Male,XL,4,172.72,92.99
111.4,85.7,Male,L,3,167.64,79.38
104.8,86.8,Male,L,3,195.58,96.62
106.6,95.0,Male,XL,4,175.26,79.38
120.8,107.3,Male,XXL,5,182.88,113.4
108.7,101.0,Male,XXL,5,187.96,95.71
118.1,106.5,Male,XXL,5,177.8,99.79
96.4,82.4,Male,M,2,182.88,72.57
111.7,99.4,Male,XXL,5,177.8,88.45
96.1,86.6,Male,L,3,175.26,70.31
115.1,98.6,Male,XXL,5,182.88,104.33
123.1,104.5,Male,XXL,5,190.5,113.4
106.0,100.7,Male,XXL,5,172.72,90.72
109.2,103.3,Male,XXL,5,175.26,88.9
108.5,90.8,Male,XL,4,170.18,77.11
111.8,102.8,Male,XXL,5,177.8,97.52
99.9,87.4,Male,XL,4,177.8,75.75
112.7,99.9,Male,XXL,5,177.8,91.63
100.0,83.7,Male,M,2,180.34,74.84
97.7,88.0,Male,XL,4,167.64,73.94
107.9,97.8,Male,XXL,5,167.64,79.38
101.1,82.7,Male,M,2,200.66,97.52
109.8,103.0,Male,XXL,5,177.8,96.16
95.7,88.5,Male,XL,4,162.56,61.23
115.8,113.0,Male,XXL,5,185.42,104.33
96.4,91.2,Male,XL,4,180.34,79.83
97.1,86.4,Male,L,3,175.26,80.74
105.7,96.5,Male,XL,4,185.42,90.72
95.7,77.7,Male,M,2,190.5,76.2
110.8,106.3,Male,XXL,5,180.34,92.99
94.7,87.0,Male,XL,4,165.1,68.04
104.3,96.6,Male,XL,4,187.96,89.81
96.5,80.6,Male,M,2,180.34,68.49
117.4,109.6,Male,XXL,5,180.34,88.0
95.1,89.5,Male,XL,4,172.72,68.04
118.2,121.4,Male,XXL,5,187.96,124.74
98.1,79.0,Male,M,2,172.72,77.11
108.6,100.2,Male,XXL,5,175.26,87.54
86.5,74.8,Male,S,1,177.8,61.23
120.5,104.3,Male,XXL,5,170.18,85.28
101.3,86.4,Male,L,3,185.42,79.38
115.2,96.9,Male,XL,4,172.72,86.18
109.6,109.5,Male,XXL,5,177.8,97.52
95.7,77.0,Male,M,2,167.64,65.77
98.5,84.0,Male,M,2,175.26,70.31
106.3,102.8,Male,XXL,5,175.26,83.91
113.7,102.1,Male,XXL,5,190.5,100.7
110.6,106.1,Male,XXL,5,167.64,86.18
116.6,113.9,Male,XXL,5,180.34,108.86
108.1,92.2,Male,XL,4,185.42,83.91
100.6,99.5,Male,XXL,5,165.1,73.03
115.3,104.7,Male,XXL,5,177.8,97.52
103.7,88.5,Male,XL,4,170.18,78.47
146.9,137.9,Male,XXL,5,182.88,140.61
90.1,75.0,Male,S,1,180.34,66.68
107.1,97.0,Male,XL,4,177.8,86.18
126.3,106.8,Male,XXL,5,172.72,99.79
114.6,101.2,Male,XXL,5,190.5,97.52
85.8,75.4,Male,XS,0,162.56,57.15
104.4,92.6,Male,XL,4,175.26,72.57
90.4,82.7,Male,M,2,185.42,72.57
103.3,94.0,Male,XL,4,172.72,78.93
116.0,113.3,Male,XXL,5,175.26,99.79
97.1,84.3,Male,L,3,170.18,66.22
105.0,102.1,Male,XXL,5,167.64,81.65
121.3,106.1,Male,XXL,5,187.96,106.59
94.4,78.6,Male,M,2,177.8,68.04
98.9,85.5,Male,L,3,162.56,71.67
97.5,83.0,Male,M,2,175.26,74.84
93.9,74.3,Male,M,2,172.72,63.5
109.1,96.7,Male,XL,4,162.56,74.39
98.3,92.2,Male,XL,4,175.26,74.84
112.9,112.0,Male,XXL,5,185.42,102.97
120.5,106.0,Male,XXL,5,175.26,92.99
112.3,103.0,Male,XXL,5,167.64,92.99
112.9,97.4,Male,XXL,5,175.26,97.07
104.8,84.4,Male,L,3,185.42,88.45
106.3,96.9,Male,XL,4,182.88,97.98
109.8,101.0,Male,XXL,5,180.34,86.18
97.2,89.2,Male,XL,4,177.8,73.94
112.7,103.2,Male,XXL,5,182.88,90.72
96.3,85.1,Male,L,3,180.34,77.11
109.8,97.9,Male,XXL,5,172.72,79.38
95.3,85.7,Male,L,3,157.48,62.6
102.4,97.9,Male,XXL,5,172.72,76.66
104.3,98.4,Male,XXL,5,182.88,88.45
90.2,72.1,Male,S,1,177.8,64.86
100.8,88.5,Male,XL,4,170.18,72.57
102.7,96.1,Male,XL,4,172.72,86.18
104.4,99.6,Male,XXL,5,172.72,86.18
91.7,83.8,Male,M,2,182.88,75.3
91.7,75.2,Male,M,2,185.42,68.04
92.4,77.5,Male,M,2,190.5,74.84
99.4,80.9,Male,M,2,182.88,77.11
100.1,86.2,Male,L,3,167.64,71.67
106.9,102.7,Male,XXL,5,170.18,78.93
99.5,79.7,Male,M,2,187.96,74.84
110.4,108.2,Male,XXL,5,180.34,97.52
104.5,94.2,Male,XL,4,182.88,86.18
101.5,87.1,Male,XL,4,175.26,72.57
110.9,91.2,Male,XL,4,180.34,95.25
99.1,87.3,Male,XL,4,182.88,81.65
84.4,78.5,Male,S,1,185.42,65.32
117.6,102.3,Male,XXL,5,190.5,97.52
108.5,92.4,Male,XL,4,175.26,86.18
108.5,100.1,Male,XXL,5,175.26,89.36
102.1,90.1,Male,XL,4,185.42,83.01
109.6,95.8,Male,XL,4,170.18,83.91
106.3,97.2,Male,XXL,5,185.42,97.52
103.0,93.9,Male,XL,4,182.88,81.65
110.6,100.3,Male,XXL,5,170.18,84.82
116.3,113.9,Male,XXL,5,185.42,113.4
108.9,116.2,Male,XXL,5,180.34,99.34
114.9,111.1,Male,XXL,5,185.42,102.06
104.1,90.0,Male,XL,4,170.18,78.93
105.6,99.8,Male,XXL,5,177.8,86.18
135.8,133.0,Male,XXL,5,187.96,142.88
102.5,89.7,Male,XL,4,167.64,77.11
100.0,91.1,Male,XL,4,165.1,67.13
102.6,86.1,Male,L,3,175.26,77.11
98.9,92.0,Male,XL,4,172.72,70.31
125.1,119.2,Male,XXL,5,190.5,113.4
103.0,101.2,Male,XXL,5,190.5,90.72
97.0,84.5,Male,L,3,177.8,72.57
103.5,84.3,Male,L,3,180.34,83.01
107.6,91.0,Male,XL,4,185.42,100.7
103.8,87.9,Male,XL,4,182.88,78.47
111.3,103.1,Male,XXL,5,175.26,98.88
101.1,92.9,Male,XL,4,167.64,76.2
102.4,99.4,Male,XXL,5,182.88,91.17
99.7,81.5,Male,M,2,175.26,78.93
105.7,98.3,Male,XXL,5,175.26,83.91
108.2,100.4,Male,XXL,5,182.88,99.79
100.2,82.5,Male,M,2,170.18,73.48
113.2,107.7,Male,XXL,5,187.96,95.25
112.3,95.2,Male,XL,4,182.88,95.25
117.5,104.7,Male,XXL,5,180.34,104.33
102.1,85.1,Male,L,3,175.26,80.74
111.5,92.0,Male,XL,4,180.34,92.99
111.2,93.4,Male,XL,4,177.8,90.72
116.5,111.4,Male,XXL,5,190.5,104.33
105.6,96.7,Male,XL,4,167.64,88.9
104.8,100.7,Male,XXL,5,180.34,86.64
113.7,110.9,Male,XXL,5,190.5,117.48
104.1,82.7,Male,L,3,172.72,79.38
102.7,94.7,Male,XL,4,180.34,88.45
102.1,88.1,Male,XL,4,187.96,87.54
100.1,83.3,Male,M,2,193.04,80.74
112.6,96.3,Male,XL,4,182.88,95.25
122.5,110.0,Male,XXL,5,182.88,107.05
107.0,85.2,Male,L,3,182.88,77.11
110.2,94.1,Male,XL,4,175.26,92.99
119.4,102.6,Male,XXL,5,193.04,108.86
109.7,97.8,Male,XXL,5,182.88,88.9
120.8,115.0,Male,XXL,5,177.8,107.95
111.6,93.5,Male,XL,4,177.8,97.07
99.5,92.3,Male,XL,4,167.64,68.04
109.2,97.3,Male,XXL,5,180.34,88.0
107.9,90.8,Male,XL,4,187.96,98.43
117.9,111.1,Male,XXL,5,175.26,97.52
108.4,103.1,Male,XXL,5,185.42,97.52
115.0,116.4,Male,XXL,5,180.34,112.49
109.8,100.6,Male,XXL,5,172.72,88.45
114.2,101.8,Male,XXL,5,172.72,95.25
107.1,99.2,Male,XXL,5,182.88,95.25
102.1,90.8,Male,XL,4,165.1,72.12
124.1,105.3,Male,XXL,5,182.88,103.42
102.7,91.2,Male,XL,4,172.72,76.66
116.7,104.9,Male,XXL,5,195.58,108.86
108.2,91.7,Male,XL,4,175.26,81.65
113.9,106.6,Male,XXL,5,180.34,95.25
94.7,84.8,Male,L,3,172.72,72.57
94.8,75.9,Male,M,2,175.26,74.84
105.8,95.9,Male,XL,4,185.42,83.91
110.2,97.0,Male,XL,4,170.18,86.18
117.9,106.8,Male,XXL,5,182.88,97.52
102.8,97.2,Male,XXL,5,180.34,83.91
104.8,99.3,Male,XXL,5,175.26,81.65
96.9,89.8,Male,XL,4,172.72,74.84
112.5,96.4,Male,XL,4,167.64,90.72
104.9,88.1,Male,XL,4,175.26,74.84
95.7,82.1,Male,M,2,190.5,72.57
91.3,80.1,Male,M,2,172.72,72.57
99.5,84.5,Male,L,3,177.8,75.75
123.7,113.4,Male,XXL,5,195.58,113.4
101.8,87.7,Male,XL,4,187.96,83.91
105.9,95.1,Male,XL,4,190.5,90.72
90.7,86.7,Male,L,3,172.72,67.13
106.3,102.9,Male,XXL,5,165.1,85.28
101.7,87.9,Male,XL,4,187.96,83.91
113.0,101.5,Male,XXL,5,180.34,99.79
115.6,103.4,Male,XXL,5,177.8,103.42
97.8,84.4,Male,L,3,172.72,73.03
96.3,79.7,Male,M,2,180.34,70.76
96.5,89.2,Male,XL,4,172.72,68.95
95.6,86.5,Male,L,3,185.42,79.38
108.0,103.1,Male,XXL,5,172.72,90.72
107.8,91.2,Male,XL,4,180.34,84.82
115.8,108.6,Male,XXL,5,195.58,99.79
101.3,91.4,Male,XL,4,175.26,77.11
103.7,92.3,Male,XL,4,177.8,83.01
103.9,91.8,Male,XL,4,175.26,84.82
98.5,83.1,Male,M,2,172.72,70.76
128.5,118.2,Male,XXL,5,172.72,104.33
108.2,105.4,Male,XXL,5,182.88,94.35
115.7,111.8,Male,XXL,5,193.04,108.86
104.9,96.3,Male,XL,4,177.8,88.9
106.3,87.7,Male,XL,4,172.72,83.91
106.1,91.2,Male,XL,4,175.26,83.46
112.0,97.3,Male,XXL,5,175.26,86.18
91.3,81.8,Male,M,2,172.72,69.4
94.1,78.3,Male,M,2,172.72,68.04
115.1,101.5,Male,XXL,5,177.8,93.89
81.0,69.4,Male,XS,0,157.48,49.9
116.3,112.1,Male,XXL,5,190.5,115.67
97.2,87.0,Male,XL,4,177.8,74.84
109.1,101.5,Male,XXL,5,182.88,109.77
84.6,73.8,Male,XS,0,167.64,54.88
109.2,103.2,Male,XXL,5,162.56,84.37
107.1,97.9,Male,XXL,5,175.26,88.45
117.2,101.7,Male,XXL,5,185.42,106.59
103.5,88.3,Male,XL,4,175.26,79.38
120.3,106.8,Male,XXL,5,182.88,108.86
121.2,117.9,Male,XXL,5,175.26,115.21
104.7,99.3,Male,XXL,5,170.18,88.45
97.7,88.0,Male,XL,4,177.8,77.11
101.4,97.7,Male,XXL,5,180.34,83.46
104.1,92.5,Male,XL,4,177.8,81.65
108.2,101.0,Male,XXL,5,165.1,83.91
116.6,100.4,Male,XXL,5,175.26,95.25
96.7,74.4,Male,M,2,167.64,65.77
117.1,104.5,Male,XXL,5,182.88,114.31
107.8,93.6,Male,XL,4,175.26,89.81
96.3,75.5,Male,M,2,162.56,70.31
110.1,99.7,Male,XXL,5,220.98,97.52
105.3,91.3,Male,XL,4,182.88,84.82
102.7,92.1,Male,XL,4,175.26,77.56
97.2,89.9,Male,XL,4,187.96,81.65
91.5,73.4,Male,M,2,180.34,65.77
114.2,112.4,Male,XXL,5,180.34,106.59
108.1,97.6,Male,XXL,5,167.64,88.45
110.8,108.4,Male,XXL,5,177.8,96.16
106.9,102.6,Male,XXL,5,182.88,88.45
114.0,107.8,Male,XXL,5,187.96,108.41
101.8,97.2,Male,XXL,5,165.1,80.74
109.6,90.3,Male,XL,4,167.64,81.65
112.7,92.8,Male,XL,4,175.26,88.45
90.7,77.9,Male,S,1,162.56,58.97
124.1,114.9,Male,XXL,5,185.42,115.67
109.2,99.2,Male,XXL,5,177.8,84.82
117.8,98.9,Male,XXL,5,180.34,92.99
103.1,93.3,Male,XL,4,175.26,79.38
87.2,74.4,Male,S,1,170.18,54.88
88.4,71.4,Male,S,1,170.18,53.52
112.1,114.7,Male,XXL,5,167.64,90.72
106.3,97.6,Male,XXL,5,172.72,85.73
124.2,107.7,Male,XXL,5,177.8,104.33
94.9,83.5,Male,M,2,172.72,68.04
95.3,79.7,Male,M,2,175.26,73.48
110.6,96.9,Male,XL,4,182.88,90.72
109.4,91.8,Male,XL,4,182.88,90.72
95.4,77.6,Male,M,2,167.64,71.67
124.2,112.4,Male,XXL,5,177.8,111.13
116.6,114.6,Male,XXL,5,180.34,104.33
90.4,79.7,Male,S,1,167.64,63.5
107.1,103.2,Male,XXL,5,185.42,97.52
118.2,100.5,Male,XXL,5,190.5,102.51
105.2,92.1,Male,XL,4,182.88,86.18
116.2,113.2,Male,XXL,5,190.5,115.67
106.9,98.8,Male,XXL,5,175.26,92.99
95.7,79.7,Male,M,2,177.8,65.77
102.0,89.7,Male,XL,4,165.1,71.21
119.8,114.5,Male,XXL,5,177.8,101.15
107.9,100.3,Male,XXL,5,160.02,79.38
117.2,117.5,Male,XXL,5,177.8,111.13
100.8,98.7,Male,XXL,5,175.26,83.91
116.8,104.3,Male,XXL,5,172.72,86.64
102.7,84.2,Male,L,3,195.58,81.65
106.8,91.5,Male,XL,4,177.8,78.93
113.9,107.6,Male,XXL,5,185.42,107.95
107.6,96.8,Male,XL,4,182.88,97.52
104.5,82.2,Male,L,3,167.64,78.02
123.1,110.8,Male,XXL,5,172.72,99.79
91.3,71.9,Male,M,2,177.8,63.5
96.0,86.9,Male,L,3,167.64,65.77
104.3,93.1,Male,XL,4,167.64,90.72
108.9,93.9,Male,XL,4,165.1,81.65
101.9,88.4,Male,XL,4,190.5,87.09
109.7,91.2,Male,XL,4,167.64,83.91
96.3,81.2,Male,M,2,180.34,70.31
107.4,95.7,Male,XL,4,175.26,83.91
106.9,100.8,Male,XXL,5,187.96,93.44
116.8,112.1,Male,XXL,5,175.26,96.16
108.7,94.6,Male,XL,4,180.34,86.18
117.3,102.9,Male,XXL,5,175.26,106.59
100.2,91.3,Male,XL,4,170.18,73.94
102.2,82.8,Male,L,3,172.72,72.57
107.6,97.2,Male,XXL,5,180.34,87.09
92.2,85.0,Female,XL,4,154.94,64.41
83.9,70.8,Female,M,2,162.56,54.43
87.4,72.7,Female,L,3,172.72,66.68
100.8,92.3,Female,XXL,5,167.64,79.38
108.9,116.3,Female,XXL,5,160.02,88.45
103.1,96.8,Female,XXL,5,170.18,81.65
98.8,96.4,Female,XXL,5,165.1,74.84
96.8,91.4,Female,XXL,5,167.64,76.2
83.1,75.5,Female,L,3,149.86,53.52
101.0,94.4,Female,XXL,5,160.02,68.04
106.5,93.5,Female,XXL,5,175.26,96.16
103.4,94.2,Female,XXL,5,167.64,68.04
106.3,99.5,Female,XXL,5,165.1,76.66
93.7,84.8,Female,XL,4,167.64,71.67
98.9,92.9,Female,XXL,5,162.56,72.57
94.0,83.5,Female,XL,4,167.64,65.77
83.5,77.2,Female,L,3,165.1,62.14
89.7,80.5,Female,L,3,170.18,58.97
97.9,86.8,Female,XL,4,167.64,72.57
85.3,79.2,Female,L,3,162.56,58.97
109.0,113.7,Female,XXL,5,152.4,78.02
94.1,88.1,Female,XL,4,167.64,74.84
85.7,70.2,Female,M,2,162.56,49.9
97.3,95.4,Female,XXL,5,167.64,68.04
97.5,79.6,Female,L,3,165.1,68.04
102.6,100.0,Female,XXL,5,160.02,72.12
83.2,74.2,Female,M,2,142.24,48.53
92.1,91.2,Female,XXL,5,162.56,69.85
103.2,91.3,Female,XXL,5,170.18,72.57
90.4,82.1,Female,XL,4,162.56,62.14
95.1,93.0,Female,XXL,5,160.02,65.77
95.0,90.1,Female,XL,4,167.64,70.31
96.5,93.5,Female,XXL,5,175.26,70.31
111.5,107.7,Female,XXL,5,167.64,83.91
117.0,111.2,Female,XXL,5,167.64,90.72
89.5,81.2,Female,L,3,165.1,60.78
94.4,86.9,Female,XL,4,170.18,57.61
83.3,71.2,Female,M,2,154.94,54.43
102.5,105.7,Female,XXL,5,162.56,75.3
98.2,96.4,Female,XXL,5,160.02,79.38
106.0,113.4,Female,XXL,5,165.1,81.65
99.1,86.9,Female,XL,4,170.18,70.31
99.4,94.2,Female,XXL,5,165.1,74.39
107.1,101.9,Female,XXL,5,162.56,73.94
94.5,86.5,Female,XL,4,160.02,79.38
109.4,97.5,Female,XXL,5,167.64,77.11
93.2,81.4,Female,L,3,165.1,70.31
101.3,94.7,Female,XXL,5,162.56,69.4
91.0,79.4,Female,L,3,172.72,65.77
79.3,67.9,Female,S,1,160.02,46.72
95.4,89.0,Female,XL,4,170.18,68.04
116.1,133.4,Female,XXL,5,203.2,122.47
113.5,107.6,Female,XXL,5,172.72,88.9
109.5,100.7,Female,XXL,5,162.56,74.84
101.4,89.7,Female,XL,4,157.48,68.04
94.6,83.2,Female,XL,4,154.94,60.33
81.4,76.6,Female,L,3,165.1,58.06
94.0,87.8,Female,XL,4,160.02,69.4
98.8,94.3,Female,XXL,5,165.1,72.57
90.4,82.5,Female,XL,4,162.56,58.97
87.6,81.2,Female,L,3,177.8,70.76
109.0,106.2,Female,XXL,5,167.64,83.91
94.3,91.4,Female,XXL,5,165.1,61.23
113.2,98.7,Female,XXL,5,162.56,82.55
97.7,86.8,Female,XL,4,167.64,65.77
97.7,83.9,Female,XL,4,167.64,70.31
100.6,81.4,Female,XL,4,160.02,65.77
93.6,80.4,Female,L,3,160.02,57.15
106.5,92.5,Female,XXL,5,167.64,81.65
89.0,80.5,Female,L,3,162.56,58.97
90.0,81.1,Female,L,3,154.94,63.5
86.2,75.7,Female,L,3,157.48,55.79
89.6,83.9,Female,XL,4,162.56,59.87
94.3,82.1,Female,XL,4,170.18,65.77
109.2,100.1,Female,XXL,5,154.94,68.04
92.0,86.0,Female,XL,4,175.26,72.57
107.1,92.2,Female,XXL,5,157.48,68.04
100.1,101.2,Female,XXL,5,167.64,68.04
112.6,98.1,Female,XXL,5,160.02,72.57
98.2,87.0,Female,XL,4,167.64,68.04
106.9,93.1,Female,XXL,5,172.72,84.82
106.1,89.5,Female,XL,4,185.42,83.46
103.1,92.5,Female,XXL,5,165.1,77.11
92.4,75.1,Female,L,3,170.18,61.69
99.9,101.9,Female,XXL,5,170.18,78.93
86.5,78.4,Female,L,3,154.94,61.69
99.8,91.7,Female,XXL,5,160.02,67.13
93.0,86.5,Female,XL,4,165.1,69.4
93.4,84.7,Female,XL,4,167.64,67.13
85.6,78.5,Female,L,3,154.94,61.23
97.9,100.4,Female,XXL,5,160.02,77.11
85.2,75.9,Female,L,3,165.1,58.51
101.4,95.5,Female,XXL,5,165.1,70.76
84.1,69.4,Female,M,2,167.64,56.7
105.7,106.8,Female,XXL,5,175.26,83.91
98.6,94.8,Female,XXL,5,152.4,55.34
95.1,91.2,Female,XXL,5,152.4,62.14
106.8,98.9,Female,XXL,5,165.1,72.57
94.5,88.7,Female,XL,4,162.56,66.22
82.6,69.8,Female,M,2,157.48,49.9
97.8,82.2,Female,XL,4,165.1,63.5
97.8,88.5,Female,XL,4,167.64,66.68
87.0,76.4,Female,L,3,162.56,57.61
108.0,94.3,Female,XXL,5,160.02,63.96
92.1,80.9,Female,L,3,172.72,61.69
84.6,73.9,Female,M,2,149.86,47.17
95.9,82.6,Female,XL,4,152.4,58.06
102.2,96.2,Female,XXL,5,160.02,74.84
87.8,84.9,Female,XL,4,165.1,67.59
102.9,95.1,Female,XXL,5,160.02,70.76
93.6,88.9,Female,XL,4,175.26,77.11
83.4,79.0,Female,L,3,157.48,53.07
93.1,81.1,Female,L,3,162.56,61.23
98.1,83.1,Female,XL,4,162.56,63.5
103.7,95.8,Female,XXL,5,167.64,78.02
98.1,76.1,Female,XL,4,162.56,59.42
105.2,107.0,Female,XXL,5,157.48,73.48
102.8,92.3,Female,XXL,5,160.02,65.77
94.6,94.9,Female,XXL,5,165.1,67.59
93.0,85.8,Female,XL,4,162.56,59.87
93.7,85.9,Female,XL,4,177.8,71.67
81.0,72.1,Female,M,2,152.4,53.52
99.1,90.8,Female,XL,4,175.26,74.84
98.5,88.0,Female,XL,4,165.1,59.87
84.4,75.9,Female,L,3,149.86,49.9
96.5,91.9,Female,XXL,5,157.48,63.5
98.5,90.8,Female,XL,4,165.1,66.68
86.2,73.1,Female,L,3,167.64,62.14
86.3,82.0,Female,XL,4,152.4,58.97
87.0,82.1,Female,XL,4,162.56,61.23
81.5,74.0,Female,M,2,160.02,61.23
105.7,102.4,Female,XXL,5,167.64,77.56
113.7,93.2,Female,XXL,5,154.94,73.94
87.4,82.7,Female,XL,4,165.1,62.14
100.4,89.6,Female,XL,4,152.4,66.68
84.4,73.8,Female,M,2,160.02,52.16
95.0,83.2,Female,XL,4,162.56,63.5
101.3,85.1,Female,XL,4,165.1,69.4
96.0,85.9,Female,XL,4,172.72,71.67
99.2,90.6,Female,XL,4,167.64,65.77
106.9,102.8,Female,XXL,5,165.1,81.65
83.8,78.6,Female,L,3,162.56,62.6
96.2,85.3,Female,XL,4,157.48,60.33
89.9,74.5,Female,L,3,160.02,56.7
82.8,73.7,Female,M,2,167.64,50.35
94.0,80.2,Female,L,3,160.02,61.69
115.6,104.5,Female,XXL,5,170.18,81.65
88.6,76.3,Female,L,3,162.56,54.43
99.1,95.5,Female,XXL,5,157.48,63.96
89.9,71.9,Female,L,3,157.48,53.98
88.9,74.6,Female,L,3,165.1,57.15
90.7,87.4,Female,XL,4,160.02,63.5
94.0,77.2,Female,L,3,162.56,63.5
94.9,80.2,Female,L,3,157.48,59.87
86.6,71.9,Female,L,3,157.48,56.7
90.7,86.2,Female,XL,4,162.56,58.97
98.3,104.4,Female,XXL,5,167.64,81.19
89.5,81.7,Female,L,3,170.18,63.5
89.2,81.7,Female,L,3,175.26,63.5
87.5,81.6,Female,L,3,162.56,54.43
101.2,93.9,Female,XXL,5,170.18,79.38
102.6,86.3,Female,XL,4,157.48,67.13
97.7,91.5,Female,XXL,5,162.56,66.68
81.2,76.4,Female,L,3,165.1,56.7
91.3,89.9,Female,XL,4,165.1,73.48
94.3,78.2,Female,L,3,167.64,52.62
103.2,89.7,Female,XL,4,167.64,76.66
87.8,81.7,Female,L,3,157.48,58.97
97.1,90.0,Female,XL,4,162.56,72.12
90.6,83.0,Female,XL,4,162.56,63.5
102.4,94.7,Female,XXL,5,167.64,78.02
102.8,95.8,Female,XXL,5,162.56,73.03
88.1,76.7,Female,L,3,157.48,57.15
91.9,77.7,Female,L,3,165.1,65.77
91.8,89.6,Female,XL,4,165.1,71.21
111.8,96.8,Female,XXL,5,162.56,67.59
113.0,99.7,Female,XXL,5,175.26,95.25
100.2,87.9,Female,XL,4,165.1,71.21
103.9,100.0,Female,XXL,5,152.4,70.31
93.4,93.1,Female,XXL,5,160.02,65.32
84.4,74.8,Female,M,2,152.4,52.16
82.1,73.4,Female,M,2,160.02,55.34
107.2,102.1,Female,XXL,5,177.8,81.65
108.4,87.4,Female,XXL,5,172.72,72.12
91.8,80.3,Female,L,3,165.1,65.77
103.2,93.5,Female,XXL,5,152.4,63.5
97.1,81.0,Female,L,3,167.64,65.77
102.2,88.2,Female,XL,4,165.1,65.77
98.7,92.0,Female,XXL,5,170.18,76.66
103.6,108.5,Female,XXL,5,162.56,71.21
99.0,92.3,Female,XXL,5,157.48,61.23
96.5,84.0,Female,XL,4,162.56,58.06
81.7,78.3,Female,L,3,162.56,54.43
99.3,92.4,Female,XXL,5,162.56,68.49
103.1,97.2,Female,XXL,5,162.56,68.04
87.7,77.4,Female,L,3,154.94,57.61
81.8,70.8,Female,M,2,165.1,54.88
94.5,87.9,Female,XL,4,170.18,71.67
91.6,83.0,Female,XL,4,170.18,63.96
105.0,98.0,Female,XXL,5,170.18,83.91
88.1,88.3,Female,XL,4,167.64,65.77
91.2,75.4,Female,L,3,162.56,56.25
85.4,76.7,Female,L,3,162.56,56.7
88.7,86.8,Female,XL,4,162.56,62.6
100.5,93.8,Female,XXL,5,149.86,62.14
82.5,68.2,Female,M,2,157.48,47.63
87.4,76.2,Female,L,3,160.02,62.14
97.2,80.2,Female,L,3,170.18,63.96
102.6,106.0,Female,XXL,5,162.56,81.65
97.9,92.2,Female,XXL,5,172.72,70.76
87.3,78.3,Female,L,3,157.48,54.43
84.4,70.7,Female,M,2,152.4,47.63
92.1,79.5,Female,L,3,162.56,65.77
100.0,86.2,Female,XL,4,167.64,72.57
93.8,92.9,Female,XXL,5,162.56,58.97
95.2,85.8,Female,XL,4,172.72,79.38
93.1,78.4,Female,L,3,172.72,75.75
81.4,63.2,Female,M,2,167.64,46.72
91.3,80.9,Female,L,3,160.02,53.98
95.0,91.2,Female,XXL,5,175.26,76.2
95.0,94.1,Female,XXL,5,157.48,66.68
91.5,85.4,Female,XL,4,162.56,67.59
92.3,88.5,Female,XL,4,157.48,68.04
90.9,78.3,Female,L,3,167.64,58.06
98.6,92.7,Female,XXL,5,165.1,74.84
87.0,78.5,Female,L,3,165.1,67.13
94.2,85.8,Female,XL,4,182.88,77.56
110.5,95.8,Female,XXL,5,167.64,78.93
83.8,70.7,Female,M,2,167.64,60.33
108.6,100.4,Female,XXL,5,154.94,74.39
98.5,90.5,Female,XL,4,167.64,72.57
96.0,98.9,Female,XXL,5,162.56,64.86
96.4,90.6,Female,XL,4,172.72,67.13
101.5,85.4,Female,XL,4,165.1,72.57
86.2,73.8,Female,L,3,170.18,56.25
86.1,78.4,Female,L,3,157.48,58.97
92.7,87.1,Female,XL,4,162.56,65.77
90.6,81.1,Female,L,3,152.4,56.25
84.7,72.8,Female,M,2,167.64,54.43
84.1,76.3,Female,L,3,154.94,47.63
85.5,79.3,Female,L,3,165.1,54.43
107.2,100.1,Female,XXL,5,170.18,73.94
98.8,92.2,Female,XXL,5,149.86,63.5
98.4,82.9,Female,XL,4,154.94,61.23
93.8,85.0,Female,XL,4,157.48,62.14
86.6,73.1,Female,L,3,160.02,56.7
106.3,99.6,Female,XXL,5,157.48,77.11
94.9,87.1,Female,XL,4,160.02,65.77
98.2,103.6,Female,XXL,5,157.48,69.4
93.5,83.5,Female,XL,4,157.48,63.96
84.5,66.5,Female,M,2,154.94,52.62
83.6,67.1,Female,M,2,160.02,53.52
94.9,76.9,Female,L,3,154.94,59.42
95.4,85.0,Female,XL,4,160.02,65.77
94.0,93.6,Female,XXL,5,162.56,72.12
91.5,75.8,Female,L,3,170.18,63.5
92.5,88.8,Female,XL,4,160.02,64.41
103.2,94.1,Female,XXL,5,162.56,66.68
98.8,81.2,Female,XL,4,167.64,75.75
83.8,70.4,Female,M,2,165.1,54.43
99.2,102.7,Female,XXL,5,160.02,69.85
96.9,88.5,Female,XL,4,160.02,62.6
95.7,87.2,Female,XL,4,162.56,65.77
109.3,104.1,Female,XXL,5,160.02,70.76
99.7,85.9,Female,XL,4,160.02,68.04
109.0,102.2,Female,XXL,5,172.72,83.01
92.3,79.0,Female,L,3,162.56,64.86
84.4,71.1,Female,M,2,165.1,56.7
101.1,94.1,Female,XXL,5,160.02,73.48
99.7,107.6,Female,XXL,5,162.56,73.03
94.3,79.7,Female,L,3,175.26,56.7
93.4,90.4,Female,XL,4,203.2,72.57
103.1,97.9,Female,XXL,5,180.34,89.81
98.5,88.8,Female,XL,4,170.18,72.57
93.5,76.9,Female,L,3,165.1,61.23
87.2,80.7,Female,L,3,160.02,56.7
99.6,83.9,Female,XL,4,160.02,58.97
99.4,97.5,Female,XXL,5,162.56,64.86
113.1,112.7,Female,XXL,5,162.56,81.65
96.6,93.0,Female,XXL,5,172.72,75.3
90.8,90.7,Female,XL,4,165.1,68.04
98.5,91.9,Female,XXL,5,152.4,57.61
89.6,83.9,Female,XL,4,167.64,58.97
86.4,69.7,Female,L,3,162.56,54.43
109.5,108.8,Female,XXL,5,167.64,81.65
89.0,80.5,Female,L,3,165.1,58.51
96.5,84.4,Female,XL,4,170.18,63.5
95.8,91.5,Female,XXL,5,167.64,69.4
92.6,86.2,Female,XL,4,165.1,64.86
87.8,83.5,Female,XL,4,165.1,61.23
95.1,100.0,Female,XXL,5,162.56,74.84
85.8,78.9,Female,L,3,152.4,56.7
87.0,77.7,Female,L,3,162.56,54.43
87.5,79.6,Female,L,3,167.64,58.97
113.9,101.7,Female,XXL,5,162.56,89.81
106.4,107.4,Female,XXL,5,149.86,68.04
92.3,68.8,Female,L,3,162.56,61.23
86.1,71.3,Female,L,3,160.02,49.9
105.7,103.5,Female,XXL,5,170.18,80.74
89.6,82.7,Female,XL,4,157.48,57.61
